GWO,ASO,HC,PSO,EHO,WOA,DO
-21.75992046349885,2332600.6858084234,-19.663528385805883,-1.2308816552034727,170.1541390715329,-19.755530936476312,-2.5090721961072973
0.0003374294105299255,5605616.161248198,0.9978164526231074,34.36936800593403,102.3112243151917,10.794826312719852,29.068078526011373
