GWO,ASO,HC,PSO,EHO,WOA,DO
-1002.5126851595134,311886200901.52136,-880.7126112171926,23744495568754.395,2734.1324146014217,-1002.5134120220575,257914.96019078486
0.0007505551643896935,546119883442.28735,45.60119912333516,42416934004182.11,1693.6118089365611,0.0006067777717876562,1140533.067679589
