GWO,ASO,HC,PSO,EHO,WOA,DO
-21.759758276086167,2950712.746602395,-19.485342181503963,-12.172887449166291,153.98277077572615,-21.760054643139167,-0.3190792874698506
0.0004963086136032333,3362649.280276329,1.1247511928074505,23.981203988952323,116.57082040148167,0.00028243656051287863,45.64688108524811
