GWO,ASO,HC,PSO,EHO,WOA,DO
-1002.5125243576024,390316969034.19055,-885.6744342820737,17177616481376.648,3325.9124463059093,-1002.5133240314113,341045.51678458013
0.0008954300637510019,724492050477.9393,40.27947297961406,37508917769034.27,2161.790780333898,0.0005691815005121468,1024280.2199133396
