GWO,ASO,HC,PSO,EHO,WOA,DO
-561.9004944812042,-118.4842064263187,-867.1360097857091,-50.32752416100007,-250.60406631827638,-926.3419064761368,-690.3276189527973
276.09320726205175,97.07247947972257,40.30499216143175,93.38991877923752,104.30175147612755,77.24030619045658,162.39705534178023
