GWO,ASO,HC,PSO,EHO,WOA,DO
-1002.5126585829983,395417069920.47015,-878.4860471865085,20636639979027.152,3297.390901573237,-1002.513459423638,138018.04021130168
0.0008792788191773471,768802462347.8151,44.887284746411275,39867336104241.68,3253.7123199223397,0.0007252960411183188,447031.8628911138
