GWO,ASO,HC,PSO,EHO,WOA,DO
-1002.5126787110912,262050791178.71274,-876.969795787604,28432815779444.773,3876.4217463646055,-1002.5134878670167,350620.4214210467
0.0007998935552280703,710658349876.6542,50.278475419788386,52924475496323.95,2839.8592290540787,0.0007142992619699688,1064474.9649422232
