GWO,ASO,HC,PSO,EHO,WOA,DO
-1002.512864537897,499801757034.2278,-877.5484267312223,20756114212053.992,3021.713566967339,-1002.5133562412109,672450.8337517888
0.0007546057471448182,1040038300144.5519,48.83427524741509,39837344948772.68,2387.131473257116,0.0006507765294879466,3432372.69897069
