GWO,ASO,HC,PSO,EHO,WOA,DO
-1002.5126931611097,374576608860.4091,-866.5411185713384,17150641333004.84,3234.3567413989003,-1002.513429293934,738343.4663919191
0.0006019908302234157,788883681677.7942,38.92671515049201,37166388205776.63,2616.8916358597494,0.0005784507700635723,1859568.687487734
