GWO,ASO,HC,PSO,EHO,WOA,DO
-21.759899328141138,2029010.003376052,-19.527090158834433,-15.933945555955786,161.72612447240732,-18.790222096368332,-0.526194612672581
0.000501375740208324,2471216.8568223896,1.2834881411680648,15.314728982361508,116.44901259171435,13.532963830209031,28.816356518191043
