GWO,ASO,HC,PSO,EHO,WOA,DO
-1002.5125340070424,336503238429.47784,-886.4846546615943,14553080741758.402,3157.0468263262,-1002.513396978521,136216.59857045676
0.0009070413724401551,998347430510.27,45.11222687474006,33985958304022.715,2469.739341667175,0.000621771787380581,389075.19735515676
