GWO,ASO,HC,PSO,EHO,WOA,DO
-1002.5126042572095,303202147405.52045,-895.4852161476072,16404742423143.326,4022.749908692105,-1002.5134867005278,295682.6238593604
0.0007983622058153488,828895858584.7737,34.71570145934999,35533849877972.195,2799.07283831285,0.0006086209496662016,1234542.6843393538
