GWO,ASO,HC,PSO,EHO,WOA,DO
-1002.512479570075,673943962976.2773,-887.4852072136971,14505217060763.744,3959.6427779439464,-1002.513512172967,73002.21045371771
0.0005222201143209163,1290035174448.8154,33.21322058180287,33916477591525.656,3457.382809946258,0.000550339318719102,197483.61272224865
