GWO,ASO,HC,PSO,EHO,WOA,DO
-1002.5123398214922,661426964051.7938,-891.463663533446,29247273617105.547,3251.976592491254,-1002.5133889378836,75107.73310159527
0.001102035042598866,2089351586722.7708,40.50217740041665,44524858290846.17,2826.906174955187,0.0005513277565627476,205733.78562364168
